Universal CarRental  Pricing ,,,,,,,,,,,,,,,,
Name: Prateek Naharia,,Dt. 17th November 2023,,,,,,,,,,,,,,
Course ,BU MK864 F23: Pricing Strategy & Tactics,,,,,,,,,,,,,,,
Instructor,Samuel Engel,,,,,,,,,,,,,,,
,,,,,,,,,,,,,,,,
,,,,,,,,,,,,,,,,
1.  Analyzing Historic Data,,,,,,,,,,,,,,,,
,,,,,,,,,,,,,,,,
A. Price History,,,,,,,,,,,,,,,,
Price History,Tampa,,,,Orlando,,,,Miami,,,,,,,
Month,WeekDay Universal,Weekday Competitor,Weekend Universal,Weekend Competitor,WeekDay Universal,Weekday Competitor,Weekend Universal,Weekend Competitor,WeekDay Universal,Weekday Competitor,Weekend Universal,Weekend Competitor,,,,
Jul,$49.00,$48.00,$41.00,$34.00,$45.00,$44.00,$37.00,$37.00,$45.00,$45.00,$36.00,$33.00,,,,
Aug,$49.00,$45.00,$41.00,$31.00,$45.00,$41.00,$37.00,$35.00,$45.00,$46.00,$36.00,$33.00,,,,
Sep,$49.00,$45.00,$41.00,$29.00,$45.00,$39.00,$37.00,$33.00,$45.00,$43.00,$36.00,$33.00,,,,
Oct,$43.00,$44.00,$32.00,$28.00,$41.00,$38.00,$34.00,$33.00,$46.00,$43.00,$36.00,$33.00,,,,
,,,,,,,,,,,,,,,,
,,,,,,,,,,,,,,,,
,,,,,,,,,,,,,,,,
,,,,,,,,,,,,,,,,
,,,,,,,,,,,,,,,,
,,,,,,,,,,,,,,,,
,,,,,,,,,,,,,,,,
,,,,,,,,,,,,,,,,
,,,,,,,,,,,,,,,,
,,,,,,,,,,,,,,,,
,,,,,,,,,,,,,,,,
,,,,,,,,,,,,,,,,
,,,,,,,,,,,,,,,,
,,,,,,,,,,,,,,,,
,,,,,,,,,,,,,,,,
,,,,,,,,,,,,,,,,
,,,,,,,,,,,,,,,,
,,,,,,,,,,,,,,,,
,,,,,,,,,,,,,,,,
,,,,,,,,,,,,,,,,
,,,,,,,,,,,,,,,,
,,,,,,,,,,,,,,,,
,,,,,,,,,,,,,,,,
,,,,,,,,,,,,,,,,
,,,,,,,,,,,,,,,,
,,,,,,,,,,,,,,,,
,,,,,,,,,,,,,,,,
B. Unit Sales,,,,,,,,,,,,,,,,
Unit Sales,Tampa,,,,Orlando,,,,Miami,,,,Florida,,,
Month,WeekDay Universal,Weekday Competitor,Weekend Universal,Weekend Competitor,WeekDay Universal,Weekday Competitor,Weekend Universal,Weekend Competitor,WeekDay Universal,Weekday Competitor,Weekend Universal,Weekend Competitor,WeekDay Universal,Weekday Competitor,Weekend Universal,Weekend Competitor
Jul,60000,75000,15000,25000,375000,384000,156000,156000,277000,247000,49000,43000,713000,706000,219000,224000
Aug,60000,81000,14000,27000,345000,379000,144000,155000,265000,213000,46000,41000,670000,673000,204000,223000
Sep,59000,79000,12000,25000,347000,398000,136000,159000,274000,231000,46000,41000,681000,708000,195000,226000
Oct,74000,88000,18000,27000,420000,449000,169000,176000,277000,278000,51000,45000,771000,815000,238000,248000
,,,,,,,,,,,,,,,,
,,,,,,,,,,,,,,,,
,,,,,,,,,,,,,,,,
,,,,,,,,,,,,,,,,
,,,,,,,,,,,,,,,,
,,,,,,,,,,,,,,,,
,,,,,,,,,,,,,,,,
,,,,,,,,,,,,,,,,
,,,,,,,,,,,,,,,,
,,,,,,,,,,,,,,,,
,,,,,,,,,,,,,,,,
,,,,,,,,,,,,,,,,
,,,,,,,,,,,,,,,,
,,,,,,,,,,,,,,,,
,,,,,,,,,,,,,,,,
,,,,,,,,,,,,,,,,
,,,,,,,,,,,,,,,,
,,,,,,,,,,,,,,,,
,,,,,,,,,,,,,,,,
,,,,,,,,,,,,,,,,
,,,,,,,,,,,,,,,,
,,,,,,,,,,,,,,,,
,,,,,,,,,,,,,,,,
,,,,,,,,,,,,,,,,
,,,,,,,,,,,,,,,,
,,,,,,,,,,,,,,,,
,,,,,,,,,,,,,,,,
,,,,,,,,,,,,,,,,
,,,,,,,,,,,,,,,,
,,,,,,,,,,,,,,,,
,,,,,,,,,,,,,,,,
,,,,,,,,,,,,,,,,
,,,,,,,,,,,,,,,,
,,,,,,,,,,,,,,,,
,,,,,,,,,,,,,,,,
,,,,,,,,,,,,,,,,
,,,,,,,,,,,,,,,,
,,,,,,,,,,,,,,,,
,,,,,,,,,,,,,,,,
,,,,,,,,,,,,,,,,
C. Market Demand,,,,,,,,,,,,,,,,
,,,,,,,,,,,,,,,,
,Tampa,,,,,,,,,,,,,,,
Month,Market Demand,Total Sales,Unfilled Orders,,,,,,,,,,,,,
Jul,175000,175000,0,,,,,,,,,,,,,
Aug,182000,182000,0,,,,,,,,,,,,,
Sep,176000,176000,0,,,,,,,,,,,,,
Oct,207000,207000,0,,,,,,,,,,,,,
,,,,,,,,,,,,,,,,
,Orlando,,,,,,,,,,,,,,,
Month,Market Demand,Total Sales,Unfilled Orders,,,,,,,,,,,,,
Jul,1.07M,1.07M,0,,,,,,,,,,,,,
Aug,1.02M,1.02M,0,,,,,,,,,,,,,
Sep,1.04M,1.04M,0,,,,,,,,,,,,,
Oct,1.21M,1.21M,0,,,,,,,,,,,,,
,,,,,,,,,,,,,,,,
,,,,,,,,,,,,,,,,
,Orlando,,,,,,,,,,,,,,,
Month,Market Demand,Total Sales,Unfilled Orders,,,,,,,,,,,,,
Jul,1070000,1070000,0,,,,,,,,,,,,,
Aug,1020000,1020000,0,,,,,,,,,,,,,
Sep,1040000,1040000,0,,,,,,,,,,,,,
Oct,1210000,1210000,0,,,,,,,,,,,,,
,,,,,,,,,,,,,,,,
,,,,,,,,,,,,,,,,
,Miami,,,,,,,,,,,,,,,
Month,Market Demand,Total Sales,Unfilled Orders,,,,,,,,,,,,,
Jul,642000,616000,26000,,,,,,,,,,,,,
Aug,565000,565000,0,,,,,,,,,,,,,
Sep,592000,592000,0,,,,,,,,,,,,,
Oct,700000,651000,49000,,,,,,,,,,,,,
,,,,,,,,,,,,,,,,
,,,,,,,,,,,,,,,,
,Florida,,,,,,,,,,,,,,,
Month,Market Demand,Total Sales,Unfilled Orders,,,,,,,,,,,,,
Jul,1.89M,1.86M,26000,,,,,,,,,,,,,
Aug,1.77M,1.77M,0,,,,,,,,,,,,,
Sep,1.81M,1.81M,0,,,,,,,,,,,,,
Oct,2.12M,2.07M,49000,,,,,,,,,,,,,
,,,,,,,,,,,,,,,,
,Florida,,,,,,,,,,,,,,,
Month,Market Demand,Total Sales,Unfilled Orders,,,,,,,,,,,,,
Jul,1890000,1860000,26000,,,,,,,,,,,,,
Aug,1770000,1770000,0,,,,,,,,,,,,,
Sep,1810000,1810000,0,,,,,,,,,,,,,
Oct,2120000,2070000,49000,,,,,,,,,,,,,
,,,,,,,,,,,,,,,,
,,,,,,,,,,,,,,,,
,,,,,,,,,,,,,,,,
,,,,,,,,,,,,,,,,
,,,,,,,,,,,,,,,,
,,,,,,,,,,,,,,,,
,,,,,,,,,,,,,,,,
,,,,,,,,,,,,,,,,
,,,,,,,,,,,,,,,,
,,,,,,,,,,,,,,,,
,,,,,,,,,,,,,,,,
,,,,,,,,,,,,,,,,
,,,,,,,,,,,,,,,,
,,,,,,,,,,,,,,,,
,,,,,,,,,,,,,,,,
,,,,,,,,,,,,,,,,
,,,,,,,,,,,,,,,,
,,,,,,,,,,,,,,,,
,,,,,,,,,,,,,,,,
,,,,,,,,,,,,,,,,
,,,,,,,,,,,,,,,,
,,,,,,,,,,,,,,,,
,,,,,,,,,,,,,,,,
,,,,,,,,,,,,,,,,
Overall Data,,,,,,,,,,,,,,,,
,,,,,,,,,,,,,,,,
,Tampa,,,Orlando,,,Miami,,,Florida,,,,,,
Month,Market Demand,Total Sales,Unfilled Orders,Market Demand,Total Sales,Unfilled Orders,Market Demand,Total Sales,Unfilled Orders,Market Demand,Total Sales,Unfilled Orders,,,,
Jul,175K,175K,0,1.07M,1.07M,0,642K,616K,26K,1.89M,1.86M,26K,,,,
Aug,182K,182K,0,1.02M,1.02M,0,565K,565K,0,1.77M,1.77M,0,,,,
Sep,176K,176K,0,1.04M,1.04M,0,592K,592K,0,1.81M,1.81M,0,,,,
Oct,207K,207K,0,1.21M,1.21M,0,700K,651K,49K,2.12M,2.07M,49K,,,,
,,,,,,,,,,,,,,,,
,,,,,,,,,,,,,,,,
,,,,,,,,,,,,,,,,
,,,,,,,,,,,,,,,,
D. Fleet Size ,,,,,,,,,,,,,,,,
,Tampa,,,,,,,,,,,,,,,
Month,Fleet Size,Daily Wkdy Orders,Daily Wknd Orders,,,,,,,,,,,,,
Jul,3.92K,2.76K,1.71K,,,,,,,,,,,,,
Aug,3.92K,2.77K,1.61K,,,,,,,,,,,,,
Sep,3.92K,2.72K,1.39K,,,,,,,,,,,,,
Oct,3.92K,3.39K,2.08K,,,,,,,,,,,,,
,,,,,,,,,,,,,,,,
,Tampa,,,,,,,,,,,,,,,
Month,Fleet Size,Daily Wkdy Orders,Daily Wknd Orders,,,,,,,,,,,,,
Jul,3920,2760,1710,,,,,,,,,,,,,
Aug,3920,2770,1610,,,,,,,,,,,,,
Sep,3920,2720,1390,,,,,,,,,,,,,
Oct,3920,3390,2080,,,,,,,,,,,,,
,,,,,,,,,,,,,,,,
,,,,,,,,,,,,,,,,
,,,,,,,,,,,,,,,,
,Orlando,,,,,,,,,,,,,,,
Month,Fleet Size,Daily Wkdy Orders,Daily Wknd Orders,,,,,,,,,,,,,
Jul,21.7K,17.3K,17.9K,,,,,,,,,,,,,
Aug,21.7K,15.9K,16.5K,,,,,,,,,,,,,
Sep,21.7K,16.0K,15.6K,,,,,,,,,,,,,
Oct,21.7K,19.3K,19.4K,,,,,,,,,,,,,
,,,,,,,,,,,,,,,,
,Orlando,,,,,,,,,,,,,,,
Month,Fleet Size,Daily Wkdy Orders,Daily Wknd Orders,,,,,,,,,,,,,
Jul,21700,17300,17900,,,,,,,,,,,,,
Aug,21700,15900,16500,,,,,,,,,,,,,
Sep,21700,16000,15600,,,,,,,,,,,,,
Oct,21700,19300,19400,,,,,,,,,,,,,
,,,,,,,,,,,,,,,,
,,,,,,,,,,,,,,,,
,Miami,,,,,,,,,,,,,,,
Month,Fleet Size,Daily Wkdy Orders,Daily Wknd Orders,,,,,,,,,,,,,
Jul,12.8K,13.4K,5.59K,,,,,,,,,,,,,
Aug,12.8K,12.2K,5.29K,,,,,,,,,,,,,
Sep,12.8K,12.6K,5.34K,,,,,,,,,,,,,
Oct,12.8K,14.1K,5.83K,,,,,,,,,,,,,
,,,,,,,,,,,,,,,,
,Miami,,,,,,,,,,,,,,,
Month,Fleet Size,Daily Wkdy Orders,Daily Wknd Orders,,,,,,,,,,,,,
Jul,12,13400,5590,,,,,,,,,,,,,
Aug,12800,12200,5290,,,,,,,,,,,,,
Sep,12800,12600,5340,,,,,,,,,,,,,
Oct,12800,14100,5830,,,,,,,,,,,,,
,,,,,,,,,,,,,,,,
,,,,,,,,,,,,,,,,
,Florida,,,,,,,,,,,,,,,
Month,Fleet Size,Daily Wkdy Orders,Daily Wknd Orders,,,,,,,,,,,,,
Jul,38.3K,33.5K,25.2K,,,,,,,,,,,,,
Aug,38.3K,30.8K,23.4K,,,,,,,,,,,,,
Sep,38.3K,31.3K,22.4K,,,,,,,,,,,,,
Oct,38.3K,36.8K,27.3K,,,,,,,,,,,,,
,,,,,,,,,,,,,,,,
,Florida,,,,,,,,,,,,,,,
Month,Fleet Size,Daily Wkdy Orders,Daily Wknd Orders,,,,,,,,,,,,,
Jul,38300,33500,25200,,,,,,,,,,,,,
Aug,38300,30800,23400,,,,,,,,,,,,,
Sep,38300,31300,22400,,,,,,,,,,,,,
Oct,38300,36800,27300,,,,,,,,,,,,,
,,,,,,,,,,,,,,,,
,,,,,,,,,,,,,,,,
,,,,,,,,,,,,,,,,
,,,,,,,,,,,,,,,,
E. Capacity Utilization ,,,,,,,,,,,,,,,,
,Tampa,,,Orlando,,,Miami,,,Florida,,,,,,
,Utilization,,Orders,Utilization,,Orders,Utilization,,Orders,Utilization,,Orders,,,,
Month,Wkdy,Wknd,Total,Wkdy,Wknd,Total,Wkdy,Wknd,Total,Wkdy,Wknd,Total,,,,
Jul,70%,44%,"74,910",80%,83%,"531,015",100%,44%,"340,898",85%,66%,"946,823",,,,
Aug,71%,41%,"74,337",73%,76%,"489,011",95%,41%,"310,891",80%,61%,"874,238",,,,
Sep,69%,35%,"71,329",74%,72%,"483,383",99%,42%,"320,547",82%,58%,"875,259",,,,
Oct,86%,53%,"91,769",89%,90%,"588,723",100%,46%,"356,870",92%,71%,"1,037,362",,,,
,,,,,,,,,,,,,,,,
,,,,,,,,,,,,,,,,
,Tampa,,,,,,,,,,,,,,,
,Utilization,,Orders,Exact Utilization,,Total in Week,,,,,,,,,,
Month,Wkdy,Wknd,Total,Week day,Weekend,Total Utilized Fleet in a Week,,,,,,,,,,
Jul,70%,44%,"74,910",52437,32960.4,85397.4,,,,,,,,,,
Aug,71%,41%,"74,337",52779.27,30478.17,83257.44,,,,,,,,,,
Sep,69%,35%,"71,329",49217.01,24965.15,74182.16,,,,,,,,,,
Oct,86%,53%,"91,769",78921.34,48637.57,127558.91,,,,,,,,,,
,,,,,,,,,,,,,,,,
,,,,,,,,,,,,,,,,
,,,,,,,,,,,,,,,,
,Orlando,,,,,,,,,,,,,,,
,Utilization,,Orders,Exact Utilization,,Total in Week,,,,,,,,,,
Month,Wkdy,Wknd,Total,Week day,Weekend,Total Utilized Fleet in a Week,,,,,,,,,,
Jul,80%,83%,"531,015",424812,440742.45,865554.45,,,,,,,,,,
Aug,73%,76%,"489,011",356978.03,371648.36,728626.39,,,,,,,,,,
Sep,74%,72%,"483,383",357703.42,348035.76,705739.18,,,,,,,,,,
Oct,89%,90%,"588,723",523963.47,529850.7,1053814.17,,,,,,,,,,
,,,,,,,,,,,,,,,,
,,,,,,,,,,,,,,,,
,,,,,,,,,,,,,,,,
,,,,,,,,,,,,,,,,
,,,,,,,,,,,,,,,,
,Miami,,,,,,,,,,,,,,,
,Utilization,,Orders,Exact Utilization,,Total in Week,,,,,,,,,,
Month,Wkdy,Wknd,Total,Week day,Weekend,Total Utilized Fleet in a Week,,,,,,,,,,
Jul,100%,44%,"340,898",340898,149995.12,490893.12,,,,,,,,,,
Aug,95%,41%,"310,891",295346.45,127465.31,422811.76,,,,,,,,,,
Sep,99%,42%,"320,547",317341.53,134629.74,451971.27,,,,,,,,,,
Oct,100%,46%,"356,870",356870,164160.2,521030.2,,,,,,,,,,
,,,,,,,,,,,,,,,,
,,,,,,,,,,,,,,,,
,,,,,,,,,,,,,,,,
,,,,,,,,,,,,,,,,
,Florida,,,,,,,,,,,,,,,
,Utilization,,Orders,Exact Utilization,,Total in Week,,,,,,,,,,
Month,Wkdy,Wknd,Total,Week day,Weekend,Total Utilized Fleet in a Week,,,,,,,,,,
Jul,85%,66%,"946,823",804799.55,624903.18,1429702.73,,,,,,,,,,
Aug,80%,61%,"874,238",699390.4,533285.18,1232675.58,,,,,,,,,,
Sep,82%,58%,"875,259",717712.38,507650.22,1225362.6,,,,,,,,,,
Oct,92%,71%,"1,037,362",954373.04,736527.02,1690900.06,,,,,,,,,,
,,,,,,,,,,,,,,,,
,,,,,,,,,,,,,,,,
,,,,,,,,,,,,,,,,
F. Market Research,,,,,,,,,,,,,,,,
,,,,,,,,,,,,,,,,
F.a ,Market Share Report,,,,,,,,,,,,,,,
,Tampa,,,,,,,,,,,,,,,
,Weekday,,Weekend,,,,,,,,,,,,,
Month,Business,Leisure,Business,Leisure,,,,,,,,,,,,
Jul,45%,44%,1%,45%,,,,,,,,,,,,
Aug,43%,40%,1%,43%,,,,,,,,,,,,
Sep,43%,40%,1%,43%,,,,,,,,,,,,
Oct,45%,46%,1%,45%,,,,,,,,,,,,
,,,,,,,,,,,,,,,,
,Orlando,,,,,,,,,,,,,,,
,Weekday,,Weekend,,,,,,,,,,,,,
Month,Business,Leisure,Business,Leisure,,,,,,,,,,,,
Jul,50%,49%,50%,50%,,,,,,,,,,,,
Aug,49%,46%,49%,49%,,,,,,,,,,,,
Sep,48%,44%,49%,48%,,,,,,,,,,,,
Oct,49%,47%,50%,49%,,,,,,,,,,,,
,,,,,,,,,,,,,,,,
,,,,,,,,,,,,,,,,
,,,,,,,,,,,,,,,,
,Miami,,,,,,,,,,,,,,,
,Weekday,,Weekend,,,,,,,,,,,,,
Month,Business,Leisure,Business,Leisure,,,,,,,,,,,,
Jul,53%,53%,54%,53%,,,,,,,,,,,,
Aug,55%,56%,54%,55%,,,,,,,,,,,,
Sep,54%,53%,54%,54%,,,,,,,,,,,,
Oct,50%,50%,54%,50%,,,,,,,,,,,,
,,,,,,,,,,,,,,,,
,,,,,,,,,,,,,,,,
,Florida,,,,,,,,,,,,,,,
,Weekday,,Weekend,,,,,,,,,,,,,
Month,Business,Leisure,Business,Leisure,,,,,,,,,,,,
Jul,51%,49%,51%,51%,,,,,,,,,,,,
Aug,51%,47%,51%,51%,,,,,,,,,,,,
Sep,50%,46%,50%,50%,,,,,,,,,,,,
Oct,49%,47%,51%,49%,,,,,,,,,,,,
,,,,,,,,,,,,,,,,
F.b ,COMPETITOR INCOME STATEMENT FOR: OCTOBER,,,,,,,,,,,,,,,
,Tampa,,Orlando,,Miami,,Florida,,,,,,,,,
,Total,Per Car,Total,Per Car,Total,Per Car,Total,Per Car,,,,,,,,
Revenue from weekday,$3.88M,$44.00,$17.1M,$38.00,$11.9M,$43.00,$32.9M,$40.35,,,,,,,,
Revenue from weekend,$754K,$28.00,$5.81M,$33.00,$1.48M,$33.00,$8.05M,$32.46,,,,,,,,
Total Revenue,$4.63M,$40.25,$22.9M,$36.59,$13.4M,$41.61,$40.9M,$38.51,,,,,,,,
Variable costs,$1.27M,$11.00,$10.0M,$16.00,$5.49M,$17.00,$16.8M,$15.76,,,,,,,,
Vehicle inventory costs,$1.60M,$13.89,$7.37M,$11.80,$4.25M,$13.15,$13.2M,$12.43,,,,,,,,
Fixed costs,$1.10M,$9.56,$4.86M,$7.77,$2.90M,$8.97,$8.86M,$8.33,,,,,,,,
Pre-Tax Profit,$668K,$5.80,$641K,$1.02,$802K,$2.48,$2.11M,$1.99,,,,,,,,
,,,,,,,,,,,,,,,,
,Tampa,,,Further Calculation,,,,,Reference,,,,,,,
,Total,Per Car,Clear Profit/Total,Clear Profit/Car,CM/Total,CM/Car,,,We can calculate CM  Revenue - Variable Cost,,,,,,,
Revenue from weekday,3880000,$44.00,-90000,$9.55,1010000,$19.11,Weekday,,CM,Revenue - VC,,,,,,
Revenue from weekend,754000,$28.00,-3216000,-$6.45,-2116000,$3.11,Weekend,,Profit,Revenue - Cost,,,,,,
Total Revenue,4630000,$40.25,,,,,,,CM Ratio,CM/Revenue,(Revenue - VC / Revenue),,,,,
Variable costs,1270000,$11.00,,,,,,,,,,,,,,
Vehicle inventory costs,1600000,$13.89,,,,,,,,,,,,,,
Fixed costs,1100000,$9.56,,,,,,,,,,,,,,
Variable Costs,2870000,$24.89,,,,,,,,,,,,,,
Total cost,3970000,$34.45,,,,,,,,,,,,,,
Pre-Tax Profit,668000,$5.80,,,,,,,,,,,,,,
,,,,,,,,,,,,,,,,
,Orlando,,,,,,,,,,,,,,,
,Total,Per Car,Clear Profit/Total,Clear Profit/Car,CM/Total,CM/Car,,,,,,,,,,
Revenue from weekday,17100000,$38.00,-5130000,$2.43,-270000,$10.20,Weekday,,,,,,,,,
Revenue from weekend,5810000,$33.00,-16420000,-$2.57,-11560000,$5.20,Weekend,,,,,,,,,
Total Revenue,22900000,$36.59,,,,,,,,,,,,,,
Variable costs,10000000,$16.00,,,,,,,,,,,,,,
Vehicle inventory costs,7370000,$11.80,,,,,,,,,,,,,,
Fixed costs,4860000,$7.77,,,,,,,,,,,,,,
Variable Costs,17370000,$27.80,,,,,,,,,,,,,,
Total cost,22230000,$35.57,,,,,,,,,,,,,,
Pre-Tax Profit,641000,$1.02,,,,,,,,,,,,,,
,,,,,,,,,,,,,,,,
,,,,,,,,,,,,,,,,
,Miami,,,,,,,,,,,,,,,
,Total,Per Car,Clear Profit/Total,Clear Profit/Car,CM/Total,CM/Car,,,,,,,,,,
Revenue from weekday,11900000,$43.00,-740000,$3.88,2160000,$12.85,Weekday,,,,,,,,,
Revenue from weekend,1480000,$33.00,-11160000,-$6.12,-8260000,$2.85,Weekend,,,,,,,,,
Total Revenue,13400000,$41.61,,,,,,,,,,,,,,
Variable costs,5490000,$17.00,,,,,,,,,,,,,,
Vehicle inventory costs,4250000,$13.15,,,,,,,,,,,,,,
Fixed costs,2900000,$8.97,,,,,,,,,,,,,,
Variable Costs,9740000,$30.15,,,,,,,,,,,,,,
Total cost,12640000,$39.12,,,,,,,,,,,,,,
Pre-Tax Profit,802000,$2.48,,,,,,,,,,,,,,
,,,,,,,,,,,,,,,,
,,,,,,,,,,,,,,,,
,Florida,,,,,,,,,,,,,,,
,Total,Per Car,Clear Profit/Total,Clear Profit/Car,CM/Total,CM/Car,,,,,,,,,,
Revenue from weekday,32900000,$40.35,-5960000,$3.83,2900000,$12.16,Weekday,,,,,,,,,
Revenue from weekend,8050000,$32.46,-30810000,-$4.06,-21950000,$4.27,Weekend,,,,,,,,,
Total Revenue,40900000,$38.51,,,,,,,,,,,,,,
Variable costs,16800000,$15.76,,,,,,,,,,,,,,
Vehicle inventory costs,13200000,$12.43,,,,,,,,,,,,,,
Fixed costs,8860000,$8.33,,,,,,,,,,,,,,
Variable Costs,30000000,$28.19,,,,,,,,,,,,,,
Total cost,38860000,$36.52,,,,,,,,,,,,,,
Pre-Tax Profit,2110000,$1.99,,,,,,,,,,,,,,
,,,,,,,,,,,,,,,,
,,,,,,,,,,,,,,,,
,,,,,,,,,,,,,,,,
,,,,,,,,,,,,,,,,
,,,,,,,,,,,,,,,,
,,,,,,,,,,,,,,,,
G. Net Income,,,,,,,,,,,,,,,,
,,,,,,,,,,,,,,,,
Tampa,,,,,,Orlando,,,,,,,,,,
Total,,,,,,Total,,,,,,,,,,
Month,July,August,September,October,,Month,July,August,September,October,,,,,,
Revenue from Weekday Rentals,$2.94M,$2.96M,$2.90M,$3.17M,,Revenue from Weekday Rentals,$16.89M,$15.53M,$15.63M,$17.20M,,,,,,
Revenue from Weekend Rentals,$610.76K,$575.18K,$496.80K,$577.83K,,Revenue from Weekend Rentals,$5.76M,$5.32M,$5.03M,$5.75M,,,,,,
Total Revenue,$3.55M,$3.53M,$3.40M,$3.75M,,Total Revenue,$22.65M,$20.86M,$20.66M,$22.95M,,,,,,
Variable Costs,$973.82K,$966.38K,$927.28K,$1.19M,,Variable Costs,$7.97M,$7.34M,$7.25M,$8.83M,,,,,,
Weighted Average Gross Profit Contribution,$2.58M,$2.56M,$2.47M,$2.55M,,Weighted Average Gross Profit Contribution,$14.69M,$13.52M,$13.41M,$14.12M,,,,,,
Weekday Contribution,$2.16M,$2.17M,$2.13M,$2.21M,,Weekday Contribution,$11.26M,$10.36M,$10.42M,$10.91M,,,,,,
Weekend Contribution,$417.10K,$392.81K,$339.28K,$343.09K,,Weekend Contribution,$3.42M,$3.16M,$2.99M,$3.21M,,,,,,
Vehicle Inventory Costs,$1.20M,$1.20M,$1.20M,$1.20M,,Vehicle Inventory Costs,$7.43M,$7.43M,$7.43M,$7.43M,,,,,,
Operating Profit Contribution,$1.38M,$1.37M,$1.27M,$1.36M,,Operating Profit Contribution,$7.25M,$6.09M,$5.98M,$6.69M,,,,,,
Other Fixed Costs,$824.01K,$824.01K,$824.01K,$824.01K,,Other Fixed Costs,$4.78M,$4.78M,$4.78M,$4.78M,,,,,,
Pre-Tax Profit,$555.01K,$541.34K,$448.35K,$531.90K,,Pre-Tax Profit,$2.47M,$1.31M,$1.20M,$1.91M,,,,,,
Accumulated Pre-Tax Profit,$0.00,$0.00,$0.00,$0.00,,Accumulated Pre-Tax Profit,$0.00,$0.00,$0.00,$0.00,,,,,,
,,,,,,,,,,,,,,,,
Per Vehicle Per Month,,,,,,Per Vehicle Per Month,,,,,,,,,,
Month,July,August,September,October,,Month,July,August,September,October,,,,,,
Revenue from Weekday Rentals,$749.34,$753.03,$739.34,$807.69,,Revenue from Weekday Rentals,$779.67,$716.98,$721.37,$793.96,,,,,,
Revenue from Weekend Rentals,$155.63,$146.57,$126.60,$147.24,,Revenue from Weekend Rentals,$265.77,$245.59,$232.37,$265.46,,,,,,
Total Revenue,$904.98,$899.60,$865.94,$954.94,,Total Revenue,$1.05K,$962.57,$953.74,$1.06K,,,,,,
Variable Costs,$248.15,$246.26,$236.29,$304.00,,Variable Costs,$367.64,$338.56,$334.66,$407.59,,,,,,
Weighted Average Gross Profit Contribution,$656.83,$653.34,$629.64,$650.93,,Weighted Average Gross Profit Contribution,$677.81,$624.01,$619.08,$651.83,,,,,,
Weekday Contribution,$550.54,$553.24,$543.19,$563.51,,Weekday Contribution,$519.78,$477.99,$480.91,$503.49,,,,,,
Weekend Contribution,$106.29,$100.10,$86.46,$87.43,,Weekend Contribution,$158.03,$146.02,$138.17,$148.35,,,,,,
Vehicle Inventory Costs,$305.42,$305.42,$305.42,$305.42,,Vehicle Inventory Costs,$343.13,$343.13,$343.13,$343.13,,,,,,
Operating Profit Contribution,$351.41,$347.92,$324.23,$345.52,,Operating Profit Contribution,$334.68,$280.88,$275.95,$308.71,,,,,,
Other Fixed Costs,$209.98,$209.98,$209.98,$209.98,,Other Fixed Costs,$220.58,$220.58,$220.58,$220.58,,,,,,
Pre-Tax Profit,$141.43,$137.95,$114.25,$135.54,,Pre-Tax Profit,$114.10,$60.30,$55.37,$88.12,,,,,,
Accumulated Pre-Tax Profit,$0.00,$0.00,$0.00,$0.00,,Accumulated Pre-Tax Profit,$0.00,$0.00,$0.00,$0.00,,,,,,
,,,,,,,,,,,,,,,,
Per Rented Vehicle,,,,,,Per Rented Vehicle,,,,,,,,,,
Month,July,August,September,October,,Month,July,August,September,October,,,,,,
Revenue from Weekday Rentals,$49.00,$49.00,$49.00,$43.00,,Revenue from Weekday Rentals,$45.00,$45.00,$45.00,$41.00,,,,,,
Revenue from Weekend Rentals,$41.00,$41.00,$41.00,$32.00,,Revenue from Weekend Rentals,$37.00,$37.00,$37.00,$34.00,,,,,,
Total Revenue,$47.41,$47.49,$47.64,$40.84,,Total Revenue,$42.66,$42.65,$42.75,$38.99,,,,,,
Variable Costs,$13.00,$13.00,$13.00,$13.00,,Variable Costs,$15.00,$15.00,$15.00,$15.00,,,,,,
Weighted Average Gross Profit Contribution,$34.41,$34.49,$34.64,$27.84,,Weighted Average Gross Profit Contribution,$27.66,$27.65,$27.75,$23.99,,,,,,
Weekday Contribution,$36.00,$36.00,$36.00,$30.00,,Weekday Contribution,$30.00,$30.00,$30.00,$26.00,,,,,,
Weekend Contribution,$28.00,$28.00,$28.00,$19.00,,Weekend Contribution,$22.00,$22.00,$22.00,$19.00,,,,,,
Vehicle Inventory Costs,$16.00,$16.12,$16.80,$13.06,,Vehicle Inventory Costs,$14.00,$15.20,$15.38,$12.63,,,,,,
Operating Profit Contribution,$18.41,$18.37,$17.84,$14.78,,Operating Profit Contribution,$13.66,$12.44,$12.37,$11.36,,,,,,
Other Fixed Costs,$11.00,$11.08,$11.55,$8.98,,Other Fixed Costs,$9.00,$9.77,$9.89,$8.12,,,,,,
Pre-Tax Profit,$7.41,$7.28,$6.29,$5.80,,Pre-Tax Profit,$4.66,$2.67,$2.48,$3.24,,,,,,
Accumulated Pre-Tax Profit,$0.00,$0.00,$0.00,$0.00,,Accumulated Pre-Tax Profit,$0.00,$0.00,$0.00,$0.00,,,,,,
,,,,,,,,,,,,,,,,
,,,,,,,,,,,,,,,,
Percentages,,,,,,Percentages,,,,,,,,,,
Month,July,August,September,October,,Month,July,August,September,October,,,,,,
Revenue from Weekday Rentals,82.80%,83.70%,85.40%,84.60%,,Revenue from Weekday Rentals,74.60%,74.50%,75.60%,74.90%,,,,,,
Revenue from Weekend Rentals,17.20%,16.30%,14.60%,15.40%,,Revenue from Weekend Rentals,25.40%,25.50%,24.40%,25.10%,,,,,,
Total Revenue,100.00%,100.00%,100.00%,100.00%,,Total Revenue,100.00%,100.00%,100.00%,100.00%,,,,,,
Variable Costs,27.40%,27.40%,27.30%,31.80%,,Variable Costs,35.20%,35.20%,35.10%,38.50%,,,,,,
Weighted Average Gross Profit Contribution,72.60%,72.60%,72.70%,68.20%,,Weighted Average Gross Profit Contribution,64.80%,64.80%,64.90%,61.50%,,,,,,
Weekday Contribution,73.50%,73.50%,73.50%,69.80%,,Weekday Contribution,66.70%,66.70%,66.70%,63.40%,,,,,,
Weekend Contribution,68.30%,68.30%,68.30%,59.40%,,Weekend Contribution,59.50%,59.50%,59.50%,55.90%,,,,,,
Vehicle Inventory Costs,33.70%,34.00%,35.30%,32.00%,,Vehicle Inventory Costs,32.80%,35.60%,36.00%,32.40%,,,,,,
Operating Profit Contribution,38.80%,38.70%,37.40%,36.20%,,Operating Profit Contribution,32.00%,29.20%,28.90%,29.10%,,,,,,
Other Fixed Costs,23.20%,23.30%,24.20%,22.00%,,Other Fixed Costs,21.10%,22.90%,23.10%,20.80%,,,,,,
Pre-Tax Profit,15.60%,15.30%,13.20%,14.20%,,Pre-Tax Profit,10.90%,6.30%,5.80%,8.30%,,,,,,
Accumulated Pre-Tax Profit,0.00%,0.00%,0.00%,0.00%,,Accumulated Pre-Tax Profit,0.00%,0.00%,0.00%,0.00%,,,,,,
,,,,,,,,,,,,,,,,
,,,,,,,,,,,,,,,,
,,,,,,,,,,,,,,,,
Miami,,,,,,Florida,,,,,,,,,,
Total,,,,,,Total,,,,,,,,,,
Month,July,August,September,October,,Month,July,August,September,October,,,,,,
Revenue from Weekday Rentals,$12.48M,$11.92M,$12.33M,$12.76M,,Revenue from Weekday Rentals,$32.32M,$30.41M,$30.87M,$33.13M,,,,,,
Revenue from Weekend Rentals,$1.75M,$1.66M,$1.67M,$1.83M,,Revenue from Weekend Rentals,$8.12M,$7.55M,$7.20M,$8.15M,,,,,,
Total Revenue,$14.23M,$13.58M,$14.01M,$14.59M,,Total Revenue,$40.44M,$37.96M,$38.07M,$41.29M,,,,,,
Variable Costs,$5.87M,$5.60M,$5.77M,$5.91M,,Variable Costs,$14.81M,$13.90M,$13.95M,$15.93M,,,,,,
Weighted Average Gross Profit Contribution,$8.37M,$7.98M,$8.24M,$8.68M,,Weighted Average Gross Profit Contribution,$25.63M,$24.06M,$24.12M,$25.36M,,,,,,
Weekday Contribution,$7.49M,$7.15M,$7.40M,$7.77M,,Weekday Contribution,$20.91M,$19.68M,$19.95M,$20.89M,,,,,,
Weekend Contribution,$875.86K,$828.15K,$835.90K,$912.61K,,Weekend Contribution,$4.72M,$4.38M,$4.17M,$4.47M,,,,,,
Vehicle Inventory Costs,$4.89M,$4.89M,$4.89M,$4.89M,,Vehicle Inventory Costs,$13.52M,$13.52M,$13.52M,$13.52M,,,,,,
Operating Profit Contribution,$3.47M,$3.09M,$3.35M,$3.79M,,Operating Profit Contribution,$12.10M,$10.54M,$10.60M,$11.83M,,,,,,
Other Fixed Costs,$3.26M,$3.26M,$3.26M,$3.26M,,Other Fixed Costs,$8.86M,$8.86M,$8.86M,$8.86M,,,,,,
Pre-Tax Profit,$214.18K,-$171.44K,$85.40K,$528.33K,,Pre-Tax Profit,$3.24M,$1.68M,$1.73M,$2.97M,,,,,,
Accumulated Pre-Tax Profit,$0.00,$0.00,$0.00,$0.00,,Accumulated Pre-Tax Profit,$0.00,$0.00,$0.00,$0.00,,,,,,
,,,,,,,,,,,,,,,,
,,,,,,,,,,,,,,,,
Per Vehicle Per Month,,,,,,Per Vehicle Per Month,,,,,,,,,,
Month,July,August,September,October,,Month,July,August,September,October,,,,,,
Revenue from Weekday Rentals,$978.75,$934.59,$967.14,$1.00K,,Revenue from Weekday Rentals,$842.78,$793.05,$804.95,$864.06,,,,,,
Revenue from Weekend Rentals,$137.35,$129.87,$131.08,$143.11,,Revenue from Weekend Rentals,$211.79,$196.96,$187.85,$212.67,,,,,,
Total Revenue,$1.12K,$1.06K,$1.10K,$1.14K,,Total Revenue,$1.05K,$990.01,$992.81,$1.08K,,,,,,
Variable Costs,$460.17,$438.77,$452.40,$463.06,,Variable Costs,$386.19,$362.44,$363.75,$415.44,,,,,,
Weighted Average Gross Profit Contribution,$655.92,$625.69,$645.83,$680.56,,Weighted Average Gross Profit Contribution,$668.38,$627.57,$629.06,$661.29,,,,,,
Weekday Contribution,$587.25,$560.76,$580.29,$609.00,,Weekday Contribution,$545.37,$513.22,$520.34,$544.73,,,,,,
Weekend Contribution,$68.67,$64.93,$65.54,$71.56,,Weekend Contribution,$123.01,$114.35,$108.72,$116.57,,,,,,
Vehicle Inventory Costs,$383.48,$383.48,$383.48,$383.48,,Vehicle Inventory Costs,$352.69,$352.69,$352.69,$352.69,,,,,,
Operating Profit Contribution,$272.45,$242.21,$262.35,$297.08,,Operating Profit Contribution,$315.69,$274.88,$276.37,$308.61,,,,,,
Other Fixed Costs,$255.65,$255.65,$255.65,$255.65,,Other Fixed Costs,$231.16,$231.16,$231.16,$231.16,,,,,,
Pre-Tax Profit,$16.79,-$13.44,$6.70,$41.43,,Pre-Tax Profit,$84.53,$43.72,$45.20,$77.44,,,,,,
Accumulated Pre-Tax Profit,$0.00,$0.00,$0.00,$0.00,,Accumulated Pre-Tax Profit,$0.00,$0.00,$0.00,$0.00,,,,,,
,,,,,,,,,,,,,,,,
Per Rented Vehicle,,,,,,Per Rented Vehicle,,,,,,,,,,
Month,July,August,September,October,,Month,July,August,September,October,,,,,,
Revenue from Weekday Rentals,$45.00,$45.00,$45.00,$46.00,,Revenue from Weekday Rentals,$45.34,$45.36,$45.35,$42.99,,,,,,
Revenue from Weekend Rentals,$36.00,$36.00,$36.00,$36.00,,Revenue from Weekend Rentals,$37.05,$37.05,$37.01,$34.27,,,,,,
Total Revenue,$43.66,$43.67,$43.70,$44.45,,Total Revenue,$43.39,$43.42,$43.49,$40.93,,,,,,
Variable Costs,$18.00,$18.00,$18.00,$18.00,,Variable Costs,$15.89,$15.90,$15.94,$15.79,,,,,,
Weighted Average Gross Profit Contribution,$25.66,$25.67,$25.70,$26.45,,Weighted Average Gross Profit Contribution,$27.50,$27.53,$27.56,$25.14,,,,,,
Weekday Contribution,$27.00,$27.00,$27.00,$28.00,,Weekday Contribution,$29.45,$29.46,$29.41,$27.20,,,,,,
Weekend Contribution,$18.00,$18.00,$18.00,$18.00,,Weekend Contribution,$21.16,$21.15,$21.07,$18.48,,,,,,
Vehicle Inventory Costs,$15.00,$15.73,$15.26,$14.91,,Vehicle Inventory Costs,$14.51,$15.47,$15.45,$13.41,,,,,,
Operating Profit Contribution,$10.66,$9.94,$10.44,$11.55,,Operating Profit Contribution,$12.99,$12.06,$12.11,$11.73,,,,,,
Other Fixed Costs,$10.00,$10.49,$10.17,$9.94,,Other Fixed Costs,$9.51,$10.14,$10.13,$8.79,,,,,,
Pre-Tax Profit,$0.66,-$0.55,$0.27,$1.61,,Pre-Tax Profit,$3.48,$1.92,$1.98,$2.94,,,,,,
Accumulated Pre-Tax Profit,$0.00,$0.00,$0.00,$0.00,,Accumulated Pre-Tax Profit,$0.00,$0.00,$0.00,$0.00,,,,,,
,,,,,,,,,,,,,,,,
Percentages,,,,,,Percentages,,,,,,,,,,
Month,July,August,September,October,,Month,July,August,September,October,,,,,,
Revenue from Weekday Rentals,87.70%,87.80%,88.10%,87.50%,,Revenue from Weekday Rentals,79.90%,80.10%,81.10%,80.20%,,,,,,
Revenue from Weekend Rentals,12.30%,12.20%,11.90%,12.50%,,Revenue from Weekend Rentals,20.10%,19.90%,18.90%,19.80%,,,,,,
Total Revenue,100.00%,100.00%,100.00%,100.00%,,Total Revenue,100.00%,100.00%,100.00%,100.00%,,,,,,
Variable Costs,41.20%,41.20%,41.20%,40.50%,,Variable Costs,36.60%,36.60%,36.60%,38.60%,,,,,,
Weighted Average Gross Profit Contribution,58.80%,58.80%,58.80%,59.50%,,Weighted Average Gross Profit Contribution,63.40%,63.40%,63.40%,61.40%,,,,,,
Weekday Contribution,60.00%,60.00%,60.00%,60.90%,,Weekday Contribution,64.70%,64.70%,64.60%,63.00%,,,,,,
Weekend Contribution,50.00%,50.00%,50.00%,50.00%,,Weekend Contribution,58.10%,58.10%,57.90%,54.80%,,,,,,
Vehicle Inventory Costs,34.40%,36.00%,34.90%,33.50%,,Vehicle Inventory Costs,33.40%,35.60%,35.50%,32.80%,,,,,,
Operating Profit Contribution,24.40%,22.80%,23.90%,26.00%,,Operating Profit Contribution,29.90%,27.80%,27.80%,28.70%,,,,,,
Other Fixed Costs,22.90%,24.00%,23.30%,22.40%,,Other Fixed Costs,21.90%,23.30%,23.30%,21.50%,,,,,,
Pre-Tax Profit,1.50%,-1.30%,0.60%,3.60%,,Pre-Tax Profit,8.00%,4.40%,4.60%,7.20%,,,,,,
Accumulated Pre-Tax Profit,0.00%,0.00%,0.00%,0.00%,,Accumulated Pre-Tax Profit,0.00%,0.00%,0.00%,0.00%,,,,,,
,,,,,,,,,,,,,,,,
,,,,,,,,,,,,,,,,
,,,,,,,,,,,,,,,,
,,,,,,,,,,,,,,,,
,,,,,,,,,,,,,,,,
Break Even Calculator ,,,,,,,,,,,,,,,,
Break Even Change in Volume,=,- (Change in Price) / CM +- Change in Price,,,,,,,,,,,,,,
,,,,,,,,,,,,,,,,
,,,,,,,,,,,,,,,,
,,,,,,,,,,,,,,,,
,,,,,,,,,,,,,,,,
Historic Data Analysis,,,,,,,,,,,,,,,,
1. Price & Demand Elasticity,,,,,,,,,,,,,,,,
,,,,,,,,,,,,,,,,
A. Price & Demand Elasticity For TEMPA,,,,,,,,,,,,,,,,
Price Elasticity,% Change in Quantity Demanded / % Change in Price,,,,,Demand will be unit sales ,,,,,,,,,,
,,,,,,,,,,,,,,,,
Price History,Tampa,,,,,Unit Sales,Tampa,,,,,,,,,
Month,WeekDay Universal,Weekday Competitor,Weekend Universal,Weekend Competitor,,Month,WeekDay Universal,Weekday Competitor,Weekend Universal,Weekend Competitor,,,,,,
Jul,$49.00,$48.00,$41.00,$34.00,,Jul,60000,75000,15000,25000,,,,,,
Aug,$49.00,$45.00,$41.00,$31.00,,Aug,60000,81000,14000,27000,,,,,,
Sep,$49.00,$45.00,$41.00,$29.00,,Sep,59000,79000,12000,25000,,,,,,
Oct,$43.00,$44.00,$32.00,$28.00,,Oct,74000,88000,18000,27000,,,,,,
,,,,,,,,,,,,,,,,
Formula For % Price Change = (Change in Price / Previous Price ) * 100,,,,,,,,,,,,,,,,
% Quantity Demand Change = (Change in Sales/ Old Sales) * 100,,,,,,,,,,,,,,,,
Price Elasticity = % Quantity Demand Change / % Price Change,,,,,,,,,,,,,,,,
,,,,,,,,,,,,,,,,
WeekDay,,,,,,,,,,,,,,,,
Months Below ,% Price Change,,% Demand Change,,Price Elasticity,,,,,,,,,,,
July - Aug,0,No Price Change,0,No Change in Demand ,InElastic Behaviour,InElastic,,,,,,,,,,
Aug - Sept,0,No Price Change,-1.666666667,-ve Change in Demand,InElastic Behaviour,InElastic,,,,,,,,,,
Sept - Oct,-12.24489796,-ve Price Change,25.42372881,+ ve Change in Demand,-2.076271186,Elastic ,,,,,,,,,,
,,,,,,,,,,,,,,,,
WeekEnd,,,,,,,,,,,,,,,,
Months Below ,% Price Change,,% Demand Change,,Price Elasticity,,,,,,,,,,,
July - Aug,0,No Price Change,-6.666666667,No Change in Demand ,InElastic Behaviour,InElastic,,,,,,,,,,
Aug - Sept,0,No Price Change,-14.28571429,-ve Change in Demand,InElastic Behaviour,InElastic,,,,,,,,,,
Sept - Oct,-21.95121951,-ve Price Change,50,+ ve Change in Demand,-2.277777778,Elastic ,,,,,,,,,,
,,,,,,,,,,,,,,,,
,,,,,,,,,,,,,,,,
,,,,,,,,,,,,,,,,
,,,,,,,,,,,,,,,,
"Summary of the above:
1.  There is -ve Price Elasticity observed in the month from Oct to Sept.
2.  We can say that, for every 1% decrease in price, the quantity demanded increased by approx 2.08 % & this tells us that price reductions in Tampa can  significantly have more impact than sales volume increase.
3.  Price reductions are more proportionals than increase in sales volume.",,,,,,,,,,,,,,,,
,,,,,,,,,,,,,,,,
,,,,,,,,,,,,,,,,
,,,,,,,,,,,,,,,,
,,,,,,,,,,,,,,,,
,,,,,,,,,,,,,,,,
,,,,,,,,,,,,,,,,
,,,,,,,,,,,,,,,,
,,,,,,,,,,,,,,,,
,,,,,,,,,,,,,,,,
,,,,,,,,,,,,,,,,
B. Price & Demand Elasticity For Orlando,,,,,,,,,,,,,,,,
Price Elasticity,% Change in Quantity Demanded / % Change in Price,,,,,,,,,,,,,,,
,,,,,,,,,,,,,,,,
Price History,Orlando,,,,,Unit Sales,Orlando,,,,,,,,,
Month,WeekDay Universal,Weekday Competitor,Weekend Universal,Weekend Competitor,,Month,WeekDay Universal,Weekday Competitor,Weekend Universal,Weekend Competitor,,,,,,
Jul,$45.00,$44.00,$37.00,$37.00,,Jul,375000,384000,156000,156000,,,,,,
Aug,$45.00,$41.00,$37.00,$35.00,,Aug,345000,379000,144000,155000,,,,,,
Sep,$45.00,$39.00,$37.00,$33.00,,Sep,347000,398000,136000,159000,,,,,,
Oct,$41.00,$38.00,$34.00,$33.00,,Oct,420000,449000,169000,176000,,,,,,
,,,,,,,,,,,,,,,,
,,,,,,,,,,,,,,,,
,,,,,,,,,,,,,,,,
Formula For % Price Change = (Change in Price / Previous Price ) * 100,,,,,,,,,,,,,,,,
% Quantity Demand Change = (Change in Sales/ Old Sales) * 100,,,,,,,,,,,,,,,,
Price Elasticity = % Quantity Demand Change / % Price Change,,,,,,,,,,,,,,,,
,,,,,,,,,,,,,,,,
WeekDay,,,,,,,,,,,,,,,,
Months Below ,% Price Change,,% Demand Change,,Price Elasticity,,,,,,,,,,,
July - Aug,0,No Price Change,-8,-ve Change in Demand,InElastic Behaviour,InElastic,,,,,,,,,,
Aug - Sept,0,No Price Change,0.5797101449,+ ve Change in Demand,InElastic Behaviour,InElastic,,,,,,,,,,
Sept - Oct,-8.888888889,-ve Price Change,21.03746398,+ ve Change in Demand,-2.366714697,Elastic ,,,,,,,,,,
,,,,,,,,,,,,,,,,
WeekEnd,,,,,,,,,,,,,,,,
Months Below ,% Price Change,,% Demand Change,,Price Elasticity,,,,,,,,,,,
July - Aug,0,No Price Change,-7.692307692,-ve Change in Demand,InElastic Behaviour,InElastic,,,,,,,,,,
Aug - Sept,0,No Price Change,-5.555555556,-ve Change in Demand,InElastic Behaviour,InElastic,,,,,,,,,,
Sept - Oct,-8.108108108,-ve Price Change,24.26470588,+ ve Change in Demand,-2.992647059,Elastic ,,,,,,,,,,
,,,,,,,,,,,,,,,,
,,,,,,,,,,,,,,,,
,,,,,,,,,,,,,,,,
"Summary of the above:
1.  There is -ve Price Elasticity observed in the month from Oct to Sept.
2.  Sept to Oct - > Price Reduced, its elastic and significant increase in demand due to price decrease.
3.  Price reductions are more proportionals than increase in sales volume.",,,,,,,,,,,,,,,,
,,,,,,,,,,,,,,,,
,,,,,,,,,,,,,,,,
,,,,,,,,,,,,,,,,
,,,,,,,,,,,,,,,,
,,,,,,,,,,,,,,,,
,,,,,,,,,,,,,,,,
,,,,,,,,,,,,,,,,
,,,,,,,,,,,,,,,,
,,,,,,,,,,,,,,,,
,,,,,,,,,,,,,,,,
C. Price & Demand Elasticity For Miami,,,,,,,,,,,,,,,,
Price Elasticity,% Change in Quantity Demanded / % Change in Price,,,,,,,,,,,,,,,
,,,,,,,,,,,,,,,,
Price History,Miami,,,,,Unit Sales,Miami,,,,,,,,,
Month,WeekDay Universal,Weekday Competitor,Weekend Universal,Weekend Competitor,,Month,WeekDay Universal,Weekday Competitor,Weekend Universal,Weekend Competitor,,,,,,
Jul,$45.00,$45.00,$36.00,$33.00,,Jul,277000,247000,49000,43000,,,,,,
Aug,$45.00,$46.00,$36.00,$33.00,,Aug,265000,213000,46000,41000,,,,,,
Sep,$45.00,$43.00,$36.00,$33.00,,Sep,274000,231000,46000,41000,,,,,,
Oct,$46.00,$43.00,$36.00,$33.00,,Oct,277000,278000,51000,45000,,,,,,
,,,,,,,,,,,,,,,,
,,,,,,,,,,,,,,,,
,,,,,,,,,,,,,,,,
Formula For % Price Change = (Change in Price / Previous Price ) * 100,,,,,,,,,,,,,,,,
% Quantity Demand Change = (Change in Sales/ Old Sales) * 100,,,,,,,,,,,,,,,,
Price Elasticity = % Quantity Demand Change / % Price Change,,,,,,,,,,,,,,,,
,,,,,,,,,,,,,,,,
WeekDay,,,,,,,,,,,,,,,,
Months Below ,% Price Change,,% Demand Change,,Price Elasticity,,,,,,,,,,,
July - Aug,0,No Price Change,-4.332129964,-ve Change in Demand,InElastic Behaviour,InElastic,,,,,,,,,,
Aug - Sept,0,No Price Change,3.396226415,+ ve Change in Demand,InElastic Behaviour,InElastic,,,,,,,,,,
Sept - Oct,2.222222222,-ve Price Change,1.094890511,+ ve Change in Demand,0.4927007299,Elastic ,,,,,,,,,,
,,,,,,,,,,,,,,,,
WeekEnd,,,,,,,,,,,,,,,,
Months Below ,% Price Change,,% Demand Change,,Price Elasticity,,,,,,,,,,,
July - Aug,0,No Price Change,-6.12244898,-ve Change in Demand,InElastic Behaviour,InElastic,,,,,,,,,,
Aug - Sept,0,No Price Change,0,No Change in Demand ,InElastic Behaviour,InElastic,,,,,,,,,,
Sept - Oct,0,-ve Price Change,10.86956522,+ ve Change in Demand,InElastic Behaviour,InElastic,,,,,,,,,,
,,,,,,,,,,,,,,,,
,,,,,,,,,,,,,,,,
,,,,,,,,,,,,,,,,
"Summary of the above:
1.  We can see -ve to +ve change in demand for both weekend and weekday, elastic behavior but with less values during weekdays and sept-oct month only.
2.  Weekdends significant increase in demand for sept-oct month with 10% increment but no change has been observed for price change in Miami
3.  Miami's market is showing inelastic behaviour, with minimal changes in demands despite having constant prices.
4. Sept-Oct -> 10% increased demand but no change in price, might be some other factors.
5.  This market is not 100% influenced by price change. There are other factors which are leading to increase and decrease demands.
",,,,,,,,,,,,,,,,
,,,,,,,,,,,,,,,,
,,,,,,,,,,,,,,,,
,,,,,,,,,,,,,,,,
,,,,,,,,,,,,,,,,
,,,,,,,,,,,,,,,,
,,,,,,,,,,,,,,,,
,,,,,,,,,,,,,,,,
,,,,,,,,,,,,,,,,
,,,,,,,,,,,,,,,,
,,,,,,,,,,,,,,,,
,,,,,,,,,,,,,,,,
,,,,,,,,,,,,,,,,
,,,,,,,,,,,,,,,,
,,,,,,,,,,,,,,,,
2. Market Demand & Supply Balance,,,,,,,,,,,,,,,,
,,,,,,,,,,,,,,,,
Total Sales & Market Demand will be key considered in this analysis,,,,,,,,,,,,,,,,
There will be fulfilled & Unfulfilled Demand depending on the total sales and market demands.,,,,,,Metrics :,Balanced Supply,,,,,,,,,
,,,,,,,Well Balanced Supply,,,,,,,,,
Key reference -> if there are unfulfilled demands then we can assume that : there is a shortage & scope to increase price.,,,,,,,UnBalanced Supply,,,,,,,,,
Formula = Market Demand - Total Sales,,,,,,,Extremely UnBalanced Supply,,,,,,,,,
"More Market Demand, Positve Unfilled Orders = Shortage & Scope Of Price Increment = Well Balanced/Balanced Supply",,,,,,,,,,,,,,,,
Market Demand > Total Sales = +ve Unfilled Orders = Shortage & Scope Of Price Increment = Unbalanced Supply,,,,,,,,,,,,,,,,
Market Demand >> Total Sales = ++ve Unfilled Orders = Shortage & Scope Of Price Increment = Extremely Unbalanced Supply,,,,,,,,,,,,,,,,
,,,,,,,,,,,,,,,,
Market Demand < Total Sales ,,,,,,,,,,,,,,,,
,,,,,,,,,,,,,,,,
A. Market Demand & Supply Balance For TEMPA,,,,,,,,,,,,,,,,
,,,,,,,,,,,,,,,,
,Month,Market Demand,Total Sales,Unfilled Orders,,,,,,,,,,,,
,Jul,175000,175000,0,Balanced Supply,,,,,,,,,,,
,Aug,182000,182000,0,,,,,,,,,,,,
,Sep,176000,176000,0,,,,,,,,,,,,
,Oct,207000,207000,0,,,,,,,,,,,,
,,,,,,,,,,,,,,,,
"Summary of the above:
1.  There are no unfilled orders hence this indicates supply meets the market demand.
",,,,,,,,,,,,,,,,
,,,,,,,,,,,,,,,,
,,,,,,,,,,,,,,,,
,,,,,,,,,,,,,,,,
,,,,,,,,,,,,,,,,
,,,,,,,,,,,,,,,,
,,,,,,,,,,,,,,,,
,,,,,,,,,,,,,,,,
,,,,,,,,,,,,,,,,
,,,,,,,,,,,,,,,,
,,,,,,,,,,,,,,,,
B. Market Demand & Supply Balance For Orlando,,,,,,,,,,,,,,,,
,,,,,,,,,,,,,,,,
,,,,,,,,,,,,,,,,
,,Orlando,,,,,,,,,,,,,,
,Month,Market Demand,Total Sales,Unfilled Orders,,,,,,,,,,,,
,Jul,1070000,1070000,0,,,,,,,,,,,,
,Aug,1020000,1020000,0,,,,,,,,,,,,
,Sep,1040000,1040000,0,,,,,,,,,,,,
,Oct,1210000,1210000,0,,,,,,,,,,,,
,,,,,,,,,,,,,,,,
"Summary of the above:
1.  There are no unfilled orders hence this indicates supply meets the market demand.
",,,,,,,,,,,,,,,,
,,,,,,,,,,,,,,,,
,,,,,,,,,,,,,,,,
,,,,,,,,,,,,,,,,
,,,,,,,,,,,,,,,,
,,,,,,,,,,,,,,,,
,,,,,,,,,,,,,,,,
,,,,,,,,,,,,,,,,
,,,,,,,,,,,,,,,,
,,,,,,,,,,,,,,,,
,,,,,,,,,,,,,,,,
,,,,,,,,,,,,,,,,
C. Market Demand & Supply Balance For Miami,,,,,,,,,,,,B. Market Demand & Supply Balance For Orlando,,,,
,,,,,,,,,,,,,,,,
,,Miami,,,,,,,,,,,,,,
,Month,Market Demand,Total Sales,Unfilled Orders,,,,,,,,,,,,
,Jul,642000,616000,26000,,,,,,,,,,,,
,Aug,565000,565000,0, ,,,,,,,,,,,
,Sep,592000,592000,0,,,,,,,,,,,,
,Oct,700000,651000,49000,,,,,,,,,,,,
,,,,,,,,,,,,,,,,
"Summary of the above:
1.  Significant Unfilled orders in July and Oct, potential undersupply or unmet demands in these months.
",,,,,,,,,,,,,,,,
,,,,,,,,,,,,,,,,
,,,,,,,,,,,,,,,,
,,,,,,,,,,,,,,,,
,,,,,,,,,,,,,,,,
,,,,,,,,,,,,,,,,
,,,,,,,,,,,,,,,,
,,,,,,,,,,,,,,,,
,,,,,,,,,,,,,,,,
,,,,,,,,,,,,,,,,
D. Market Demand & Supply Balance For Florida,,,,,,,,,,,,,,,,
,,,,,,,,,,,,,,,,
,,Miami,,,,,,,,,,,,,,
,Month,Market Demand,Total Sales,Unfilled Orders,,,,,,,,,,,,
,Jul,1890000,1860000,26000,,,,,,,,,,,,
,Aug,1770000,1770000,0,,,,,,,,,,,,
,Sep,1810000,1810000,0,,,,,,,,,,,,
,Oct,2120000,2070000,49000,,,,,,,,,,,,
,,,,,,,,,,,,,,,,
"Summary of the above:
1.  Significant Unfilled orders in July and Oct, potential undersupply or unmet demands in these months.
2. This is primilarily from Miami.",,,,,,,,,,,,,,,,
,,,,,,,,,,,,,,,,
,,,,,,,,,,,,,,,,
,,,,,,,,,,,,,,,,
,,,,,,,,,,,,,,,,
,,,,,,,,,,,,,,,,
,,,,,,,,,,,,,,,,
,,,,,,,,,,,,,,,,
,,,,,,,,,,,,,,,,
,,,,,,,,,,,,,,,,
,,,,,,,,,,,,,,,,
"Overall from the above analysis 
For future planning, especially for Miami, there may be opportunities to increase the fleet size, or adjust pricing to capture the unmet demand, particularly in July and Oct.
",,,,,,,,,,,,,,,,
,,,,,,,,,,,,,,,,
,,,,,,,,,,,,,,,,
,,,,,,,,,,,,,,,,
,,,,,,,,,,,,,,,,
,,,,,,,,,,,,,,,,
,,,,,,,,,,,,,,,,
,,,,,,,,,,,,,,,,
,,,,,,,,,,,,,,,,
,,,,,,,,,,,,,,,,
"This will include fleet availability, operational costs, and expected profitability.",,,,,,,,,,,,,,,,
Metric/Location,Tampa,Orlando,Miami,Florida (Overall),,,,,,,,,,,,
A. Fleet Size (Avg),"3,920","21,700","12,800","38,300",,,,,,,,,,,,
B. Daily Orders (Avg),"Weekday: 2,735","Weekday: 16,625","Weekday: 12,950","Weekday: 32,310",,,,,,,,,,,,
,"Weekend: 1,700","Weekend: 17,400","Weekend: 5,500","Weekend: 24,600",,,,,,,,,,,,
C. Utilization (Avg),Weekday: 70%,Weekday: 80%,Weekday: 99%,Weekday: 85%,,,,,,,,,,,,
,Weekend: 43%,Weekend: 80%,Weekend: 43%,Weekend: 64%,,,,,,,,,,,,
D. Revenue (Avg),Weekday: $2.98M,Weekday: $16.78M,Weekday: $12.37M,Weekday: $32.14M,,,,,,,,,,,,
,Weekend: $0.57M,Weekend: $5.59M,Weekend: $1.67M,Weekend: $7.83M,,,,,,,,,,,,
E. Variable Costs,$1.27M,$10.0M,$5.49M,$16.8M,,,,,,,,,,,,
F. Fixed Costs,$1.10M,$4.86M,$2.90M,$8.86M,,,,,,,,,,,,
G. Inventory Costs,$1.60M,$7.37M,$4.25M,$13.2M,,,,,,,,,,,,
H. Pre-Tax Profit,$668K,$641K,$802K,$2.11M,,,,,,,,,,,,
I. Unfilled Orders,0,0,"July: 26K, Oct: 49K","July: 26K, Oct: 49K",,,,,,,,,,,,
,,,,,,,,,,,,,,,,
"Observations and Recommendations:
1. Fleet Utilization: Miami shows high utilization, indicating a need for additional fleet, especially during peak months. Tampa and Orlando's utilization rates are lower, suggesting a potential surplus of vehicles during certain periods.
2. Operational Costs: High variable and fixed costs across all locations highlight the need for efficient cost management strategies.
3. Revenue: Significant revenue is generated from both weekday and weekend rentals, with Orlando being the highest contributor.
4. Profitability: Pre-tax profit varies, with some months showing lower profitability, especially in Miami.
5. Unfilled Orders: Miami's unfilled orders in July and October indicate potential for increased revenue through either fleet expansion or dynamic pricing strategies during peak demand periods.",,,,,,,,,,,,,,,,
,,,,,,,,,,,,,,,,
,,,,,,,,,,,,,,,,
3. Segmentation Analysis,,,,,,,,,,,,,,,,
,,,,,,,,,,,,,,,,
,,,,,,,,,,,,,,,,
"Segmentation often involves grouping customers based on various criteria like demographics, behavior, and preferences. Since we have data on weekdays vs. weekends and business vs. leisure travelers, we can use these as our primary segmentation criteria.",,,,,,,,,,,,,,,,
,,,,,,,,,,,,,,,,
Segment/Location,Tampa,Orlando,Miami,Observations,,,,,,,,,,,,
Weekday - Business,45%,50%,53%,"High business usage, especially in Miami.",,,,,,,,,,,,
Weekday - Leisure,44%,49%,53%,Leisure usage closely follows business usage.,,,,,,,,,,,,
Weekend - Business,1%,50%,54%,Orlando and Miami have significant business use on weekends.,,,,,,,,,,,,
Weekend - Leisure,45%,50%,53%,Leisure usage remains consistent across locations.,,,,,,,,,,,,
Revenue - Weekday,$2.94M - $3.17M,$16.89M - $17.20M,$12.48M - $12.76M,"Orlando leads in weekday revenue, indicating high demand.",,,,,,,,,,,,
Revenue - Weekend,$0.57M - $0.61M,$5.59M - $5.76M,$1.67M - $1.75M,Weekend revenue is significantly higher in Orlando.,,,,,,,,,,,,
Utilization - Weekday,70%,80%,99% - 100%,Miami's high utilization suggests strong demand or insufficient fleet.,,,,,,,,,,,,
Utilization - Weekend,43% - 53%,76% - 83%,41% - 46%,High weekend utilization in Orlando; potential for increased fleet in Miami.,,,,,,,,,,,,
,,,,,,,,,,,,,,,,
"Key Observations and Recommendations:
High Business Usage: All cities show a strong presence of business customers, especially in Miami. Tailoring services to business needs can be beneficial.
Consistent Leisure Usage: Leisure usage is consistent and significant across all locations. This segment should not be overlooked in marketing and service offerings.
Weekend Dynamics: While Tampa shows lower weekend utilization, both Orlando and Miami exhibit high business and leisure usage, suggesting different market dynamics.
Revenue Opportunities: Orlando's high revenue, especially on weekends, indicates a robust market, possibly due to tourism. Targeted promotions during weekends could boost revenue in Tampa and Miami.
Fleet Management: Miami's high weekday utilization suggests a need for fleet expansion or dynamic pricing to manage peak demand. Orlando may also benefit from additional fleet on weekends.",,,,,,,,,,,,,,,,
,,,,,,,,,,,,,,,,
"Conclusion:
Each city has its unique characteristics in terms of customer segments and usage patterns. Miami has a strong demand throughout the week, with a notable business presence.
Orlando, possibly influenced by tourism and conventions, shows high utilization and revenue across all segments.
Tampa, while having balanced business and leisure segments, might have opportunities to grow its weekend business. Tailored strategies for each city, focusing on their specific market dynamics, can help Universal Car Rental optimize its operations and profitability.",,,,,,,,,,,,,,,,
,,,,,,,,,,,,,,,,
,,,,,,,,,,,,,,,,
,,,,,,,,,,,,,,,,
,,,,,,,,,,,,,,,,
4. Utilization Rates,,,,,,,,,,,,,,,,
,,,,,,,,,,,,,,,,
,,,,,,,,,,,,,,,,
,,,,,,,,,,,,,,,,
Factor,Description,Tampa,Orlando,Miami,,,,,,,,,,,,
Utilization Rate Indication,High utilization indicates strong demand.,Moderate,"High, especially on weekends","Very high, near 100% on weekdays",,,,,,,,,,,,
Supply & Demand Dynamics,Price can increase when demand exceeds supply.,Potential for slight increases,Strong potential for price increase,Strong potential for price increase,,,,,,,,,,,,
Dynamic Pricing Feasibility,Adjust prices based on real-time demand.,Applicable during peak times/events,Highly applicable,Highly applicable,,,,,,,,,,,,
Market Sensitivity & Pricing,Consider how sensitive different segments are to price changes.,Mixed sensitivity,"Tourism-driven, possibly less sensitive","Business-driven, likely less sensitive",,,,,,,,,,,,
Segment-Specific Pricing,Tailor pricing strategy to different customer segments (business vs. leisure).,Business vs. leisure segmentation,Targeted weekend pricing,Higher pricing for business customers,,,,,,,,,,,,
Potential Pricing Strategy,Suggested approach to pricing based on utilization and market factors.,Slight increases in peak times,Increase weekend prices,Increase weekday prices for business,,,,,,,,,,,,
Considerations for Price Increase,Factors to consider before increasing prices.,"Customer loyalty, competitive rates","Seasonal tourism, event schedules","Business travel patterns, fleet availability",,,,,,,,,,,,
Competitive Analysis,Understand competitors' pricing to remain competitive.,Essential for balanced approach,Key in a tourism-heavy market,Crucial given high demand,,,,,,,,,,,,
,,,,,,,,,,,,,,,,
,,,,,,,,,,,,,,,,
,,,,,,,,,,,,,,,,
"Key Takeaways:
Miami: With its high utilization, particularly on weekdays, Miami has significant room to increase prices, especially targeting the less price-sensitive business segment.
Orlando: The city's high utilization, driven by tourism and events, especially on weekends, suggests an opportunity for targeted price increases during these peak times.
Tampa: While Tampa's utilization is not as high, there still exists the potential for strategic price increases during specific peak periods or events.",,,,,,,,,,,,,,,,